{
  "chair": {
    "LEFT_ANKLE": [
      152.5688622754491,
      266.94610778443115
    ],
    "LEFT_EAR": [
      155.2305389221557,
      107.63473053892216
    ],
    "LEFT_ELBOW": [
      166.2874251497006,
      98.55688622754491
    ],
    "LEFT_EYE": [
      152.10179640718562,
      107.49101796407186
    ],
    "LEFT_HIP": [
      156.7425149700599,
      189.1437125748503
    ],
    "LEFT_KNEE": [
      154.08982035928145,
      223.46706586826346
    ],
    "LEFT_SHOULDER": [
      159.69760479041915,
      124.12874251497006
    ],
    "LEFT_WRIST": [
      166.28443113772454,
      73.32634730538922
    ],
    "NOSE": [
      149.3682634730539,
      112.47005988023952
    ],
    "RIGHT_ANKLE": [
      146.94910179640718,
      266.51197604790417
    ],
    "RIGHT_EAR": [
      144.16167664670658,
      107.50299401197604
    ],
    "RIGHT_ELBOW": [
      133.66167664670658,
      98.68263473053892
    ],
    "RIGHT_EYE": [
      146.937125748503,
      107.37724550898204
    ],
    "RIGHT_HIP": [
      142.51796407185628,
      189.64670658682635
    ],
    "RIGHT_KNEE": [
      145.23952095808383,
      223.60778443113773
    ],
    "RIGHT_SHOULDER": [
      139.44910179640718,
      124.0059880239521
    ],
    "RIGHT_WRIST": [
      134.0,
      72.79640718562874
    ],
    "class": [
      0.0,
      0.0
    ]
  },
  "cobra": {
    "LEFT_ANKLE": [
      160.5531914893617,
      142.4
    ],
    "LEFT_EAR": [
      155.7872340425532,
      127.38723404255319
    ],
    "LEFT_ELBOW": [
      170.91914893617022,
      155.99574468085106
    ],
    "LEFT_EYE": [
      151.7531914893617,
      131.0
    ],
    "LEFT_HIP": [
      157.75744680851065,
      158.9531914893617
    ],
    "LEFT_KNEE": [
      160.4723404255319,
      152.30212765957447
    ],
    "LEFT_SHOULDER": [
      163.331914893617,
      139.59574468085106
    ],
    "LEFT_WRIST": [
      168.46808510638297,
      173.17021276595744
    ],
    "NOSE": [
      149.03404255319148,
      136.85531914893616
    ],
    "RIGHT_ANKLE": [
      147.87659574468086,
      141.43829787234043
    ],
    "RIGHT_EAR": [
      142.4723404255319,
      127.87659574468086
    ],
    "RIGHT_ELBOW": [
      129.36595744680852,
      154.06808510638297
    ],
    "RIGHT_EYE": [
      146.10212765957448,
      130.88936170212767
    ],
    "RIGHT_HIP": [
      144.41702127659573,
      157.39574468085107
    ],
    "RIGHT_KNEE": [
      144.88936170212767,
      151.40851063829788
    ],
    "RIGHT_SHOULDER": [
      136.1191489361702,
      137.99148936170212
    ],
    "RIGHT_WRIST": [
      129.22978723404256,
      171.0468085106383
    ],
    "class": [
      0.0,
      0.0
    ]
  },
  "dog": {
    "LEFT_ANKLE": [
      154.7058823529412,
      162.6985294117647
    ],
    "LEFT_EAR": [
      153.99632352941177,
      150.40073529411765
    ],
    "LEFT_ELBOW": [
      164.16544117647058,
      168.72058823529412
    ],
    "LEFT_EYE": [
      150.60294117647058,
      161.0625
    ],
    "LEFT_HIP": [
      154.81985294117646,
      65.61764705882354
    ],
    "LEFT_KNEE": [
      155.2941176470588,
      124.07720588235294
    ],
    "LEFT_SHOULDER": [
      159.96323529411765,
      130.0808823529412
    ],
    "LEFT_WRIST": [
      162.85294117647058,
      192.6875
    ],
    "NOSE": [
      148.25,
      159.50735294117646
    ],
    "RIGHT_ANKLE": [
      145.0110294117647,
      163.60294117647058
    ],
    "RIGHT_EAR": [
      141.1985294117647,
      150.71691176470588
    ],
    "RIGHT_ELBOW": [
      132.1360294117647,
      170.2316176470588
    ],
    "RIGHT_EYE": [
      145.9264705882353,
      161.16176470588235
    ],
    "RIGHT_HIP": [
      141.42279411764707,
      66.31985294117646
    ],
    "RIGHT_KNEE": [
      142.47426470588235,
      125.1470588235294
    ],
    "RIGHT_SHOULDER": [
      135.45955882352942,
      131.2316176470588
    ],
    "RIGHT_WRIST": [
      133.09191176470588,
      194.2941176470588
    ],
    "class": [
      0.0,
      0.0
    ]
  },
  "no_pose": {
    "LEFT_ANKLE": [
      386.75,
      571.75
    ],
    "LEFT_EAR": [
      370.2916666666667,
      111.54166666666667
    ],
    "LEFT_ELBOW": [
      397.7083333333333,
      259.125
    ],
    "LEFT_EYE": [
      360.5,
      105.70833333333333
    ],
    "LEFT_HIP": [
      374.75,
      337.2083333333333
    ],
    "LEFT_KNEE": [
      381.5833333333333,
      458.9583333333333
    ],
    "LEFT_SHOULDER": [
      388.5,
      176.95833333333334
    ],
    "LEFT_WRIST": [
      380.2916666666667,
      314.5833333333333
    ],
    "NOSE": [
      353.125,
      116.16666666666667
    ],
    "RIGHT_ANKLE": [
      316.9166666666667,
      572.3333333333334
    ],
    "RIGHT_EAR": [
      334.0833333333333,
      112.125
    ],
    "RIGHT_ELBOW": [
      306.9583333333333,
      259.4166666666667
    ],
    "RIGHT_EYE": [
      345.2916666666667,
      105.70833333333333
    ],
    "RIGHT_HIP": [
      328.7083333333333,
      337.1666666666667
    ],
    "RIGHT_KNEE": [
      322.5833333333333,
      459.0833333333333
    ],
    "RIGHT_SHOULDER": [
      315.5833333333333,
      177.70833333333334
    ],
    "RIGHT_WRIST": [
      325.4166666666667,
      313.2916666666667
    ],
    "class": [
      0.0,
      0.0
    ]
  },
  "shoudler_stand": {
    "LEFT_ANKLE": [
      383.8095238095238,
      111.07142857142857
    ],
    "LEFT_EAR": [
      379.6190476190476,
      561.3333333333334
    ],
    "LEFT_ELBOW": [
      364.26190476190476,
      566.8571428571429
    ],
    "LEFT_EYE": [
      384.6190476190476,
      526.3809523809524
    ],
    "LEFT_HIP": [
      378.1190476190476,
      403.3333333333333
    ],
    "LEFT_KNEE": [
      381.07142857142856,
      247.64285714285714
    ],
    "LEFT_SHOULDER": [
      375.26190476190476,
      562.4285714285714
    ],
    "LEFT_WRIST": [
      382.9047619047619,
      503.4047619047619
    ],
    "NOSE": [
      387.5,
      518.9047619047619
    ],
    "RIGHT_ANKLE": [
      392.7142857142857,
      111.04761904761905
    ],
    "RIGHT_EAR": [
      391.7857142857143,
      562.0714285714286
    ],
    "RIGHT_ELBOW": [
      418.5,
      568.9285714285714
    ],
    "RIGHT_EYE": [
      389.1666666666667,
      526.6190476190476
    ],
    "RIGHT_HIP": [
      398.7142857142857,
      405.07142857142856
    ],
    "RIGHT_KNEE": [
      394.9761904761905,
      246.4047619047619
    ],
    "RIGHT_SHOULDER": [
      401.23809523809524,
      565.9047619047619
    ],
    "RIGHT_WRIST": [
      403.45238095238096,
      507.1190476190476
    ],
    "class": [
      0.0,
      0.0
    ]
  },
  "traingle": {
    "LEFT_ANKLE": [
      607.5,
      708.1315789473684
    ],
    "LEFT_EAR": [
      559.4736842105264,
      402.8421052631579
    ],
    "LEFT_ELBOW": [
      562.3157894736842,
      427.2368421052632
    ],
    "LEFT_EYE": [
      560.3421052631579,
      369.86842105263156
    ],
    "LEFT_HIP": [
      553.6315789473684,
      435.44736842105266
    ],
    "LEFT_KNEE": [
      585.5263157894736,
      578.5263157894736
    ],
    "LEFT_SHOULDER": [
      557.3684210526316,
      415.6842105263158
    ],
    "LEFT_WRIST": [
      564.6578947368421,
      435.60526315789474
    ],
    "NOSE": [
      556.1578947368421,
      362.36842105263156
    ],
    "RIGHT_ANKLE": [
      469.5263157894737,
      708.4473684210526
    ],
    "RIGHT_EAR": [
      557.8684210526316,
      399.86842105263156
    ],
    "RIGHT_ELBOW": [
      539.2368421052631,
      393.6578947368421
    ],
    "RIGHT_EYE": [
      556.1315789473684,
      369.0263157894737
    ],
    "RIGHT_HIP": [
      519.2894736842105,
      433.60526315789474
    ],
    "RIGHT_KNEE": [
      493.6842105263158,
      577.8947368421053
    ],
    "RIGHT_SHOULDER": [
      547.2894736842105,
      401.89473684210526
    ],
    "RIGHT_WRIST": [
      539.3684210526316,
      386.2631578947368
    ],
    "class": [
      0.0,
      0.0
    ]
  },